USE Onyx;

INSERT INTO image(id, src) VALUES
('uuidI001', 'https://static.vecteezy.com/system/resources/previews/011/336/914/original/gym-and-fitness-logo-png.png'),
('uuidI002', 'https://static.vecteezy.com/system/resources/previews/011/319/007/original/gym-and-fitness-logo-png.png'),
('uuidI003', 'https://e7.pngegg.com/pngimages/447/997/png-clipart-physical-fitness-logo-fitness-centre-woman-dumbbell-fitness-woman-business-woman-fitness.png'),
('uuidI004', 'https://i.blogs.es/1fd119/sentadilla/1366_2000.jpg'),
('uuidI005', 'https://i.blogs.es/85d668/bench-press-1/450_1000.webp'),
('uuidI006', 'https://www.entrenamientos.com/media/cache/exercise_375/uploads/exercise/peso-muerto-con-barra-tradicional-init-pos-4394.png'),
('uuidI007', 'https://cdn.shopify.com/s/files/1/0269/5551/3900/files/Seated-Barbell-Shoulder-Press_600x600.png?v=1619977796'),
('uuidI008', 'https://i.ytimg.com/vi/R38OvrWZLSw/hqdefault.jpg'),
('uuidI009', 'https://i.pinimg.com/originals/dc/24/e3/dc24e350d5c4f859e5552d283fad3702.jpg'),
('uuidI010', 'https://qph.cf2.quoracdn.net/main-qimg-cb3141eff73eab0ef961e1874fa0be2b-lq'),
('uuidI011', 'https://avatars.githubusercontent.com/u/113733780?s=400&u=ac948d8d2c50dc6c781f4bd828e9ef5b7349320c&v=4'),
('uuidI012', 'https://eresfitness.com/wp-content/uploads/2019/05/Press-franc%C3%A9s.jpg'),
('uuidI013', 'https://www.onlinepersonaltrainer.es/wp-content/uploads/2015/12/C%C3%B3mo-hacer-dominadas.jpg'),
('uuidI014', 'https://i.blogs.es/209555/remo1/450_1000.webp'),
('uuidI015', 'https://i.blogs.es/b7fb2b/prensa/450_1000.webp'),
('uuidI016', 'https://www.musculaciontotal.com/wp-content/uploads/2015/05/elevacion-de-piernas-en-barra.jpg'),
('uuidI017', 'https://i.blogs.es/6a82d6/1024_682-4-/1366_2000.jpeg'),
('uuidI018', 'https://i0.wp.com/gimnasiogym.net/wp-content/uploads/2021/03/push-ups-2.jpg?resize=1022%2C1024'),
('uuidI019', 'https://storage.googleapis.com/statics-pro-uriach-web/images/ejercicios-casa.height-310.png'),
('uuidI020', 'https://images.hola.com/imagenes/estar-bien/20200327164192/ejercicios-rutinas-para-tonificar-en-casa-lb/0-804-37/rutinas-completas-basicas-entrenar-casa-t.jpg');

INSERT INTO client(id, username, authProvider, authProviderId, sex, dateOfBirth, imageId) VALUES
('uuidU001', 'raulFlores', 'facebook', 'FUIDC001', 'M', '1990-01-01', 'uuidI001'),
('uuidU002', 'manuelFlores', 'google', 'GUIDC001', 'M', '1990-01-01', 'uuidI002'),
('uuidU003', 'domi', 'google', 'GUIDC002', 'F', '2000-12-20', 'uuidI003'),
('uuidU004', 'armando', 'google', 'GUIDC003', 'M', '2003-03-01', 'uuidI011'),
('uuidU005', 'dani', 'google', 'GUIDC004', 'M', '2003-01-01', NULL),
('uuidU006', 'sebas', 'google', 'GUIDC005', 'M', '2003-10-01', NULL),
('uuidU007', 'teran', 'google', 'GUIDC006', 'M', '2003-06-01', NULL),
('uuidU008', 'ramona', 'google', 'GUIDC007', 'F', '2003-10-11', NULL),
('uuidU009', 'emma', 'facebook', 'FUIDC002', 'F', '1997-08-27', NULL),
('uuidU010', 'ivan', 'google', 'GUIDC008', 'M', '2005-02-14', NULL),
('uuidU011', 'dante', 'facebook', 'FUIDC003', 'M', '1995-05-30', NULL),
('uuidU012', 'olivia', 'facebook', 'FUIDC004', 'F', '2001-07-22', NULL),
('uuidU013', 'sara', 'google', 'GUIDC009', 'F', '2002-11-11', NULL),
('uuidU014', 'fati', 'facebook', 'FUIDC005', 'F', '1999-06-04', NULL),
('uuidU015', 'gaby', 'facebook', 'FUIDC006', 'F', '1993-01-02', NULL),
('uuidU016', 'victor', 'facebook', 'FUIDC007', 'M', '2004-11-12', NULL),
('uuidU017', 'arianna', 'google', 'GUIDC010', 'F', '1998-04-17', NULL),
('uuidU018', 'hugo', 'facebook', 'FUIDC008', 'M', '1992-08-21', NULL),
('uuidU019', 'amelia', 'facebook', 'FUIDC009', 'F', '1991-03-07', NULL),
('uuidU020', 'dante', 'facebook', 'FUIDC010', 'M', '1996-05-28', NULL),
('uuidU021', 'damariz', 'google', 'GUIDC001', 'F', '2005-05-28', NULL),
('uuidU022', 'salvador', 'google', 'GUIDC001', 'M', '1996-05-28', NULL),
('uuidU023', 'pascual', 'facebook', 'FUIDC010', 'M', '1996-05-28', NULL),
('uuidU024', 'christopher', 'facebook', 'FUIDC010', 'M', '1996-05-28', NULL),
('uuidU025', 'guadalupe', 'google', 'GUIDC001', 'F', '1996-05-28', NULL),
('uuidU026', 'eva', 'facebook', 'FUIDC010', 'F', '2005-05-28', NULL),
('uuidU027', 'héctor', 'facebook', 'FUIDC010', 'M', '1996-05-28', NULL),
('uuidU028', 'arnulfo', 'google', 'GUIDC001', 'M', '1996-05-28', NULL),
('uuidU029', 'rafeal', 'google', 'GUIDC001', 'M', '1996-05-28', NULL),
('uuidU030', 'samuel', 'facebook', 'FUIDC010', 'M', '1996-05-28', NULL),
('uuidU031', 'kenia', 'google', 'GUIDC001', 'F', '1996-05-28', NULL),
('uuidU032', 'mónica', 'google', 'GUIDC001', 'F', '1996-05-28', NULL),
('uuidU033', 'isabella', 'facebook', 'FUIDC010', 'F', '2005-05-28', NULL),
('uuidU034', 'hossue', 'facebook', 'FUIDC010', 'M', '1996-05-28', NULL),
('uuidU035', 'carlos', 'google', 'GUIDC001', 'M', '2005-05-28', NULL),
('uuidU036', 'antonio', 'facebook', 'FUIDC010', 'M', '1996-05-28', NULL),
('uuidU037', 'itzel', 'google', 'GUIDC001', 'F', '1996-05-28', NULL),
('uuidU038', 'hermenegildo', 'facebook', 'FUIDC010', 'M', '1996-05-28', NULL),
('uuidU039', 'francisco', 'google', 'GUIDC001', 'M', '1996-05-28', NULL),
('uuidU040', 'alfredo', 'facebook', 'FUIDC010', 'M', '1996-05-28', NULL),
('uuidU041', 'manuel', 'google', 'GUIDC001', 'M', '2005-05-28', NULL),
('uuidU042', 'uri', 'google', 'GUIDC001', 'M', '1996-05-28', NULL),
('uuidU043', 'sebastian', 'google', 'GUIDC001', 'M', '1996-05-28', NULL),
('uuidU044', 'camila', 'facebook', 'FUIDC010', 'F', '1996-05-28', NULL),
('uuidU045', 'casimiro', 'google', 'GUIDC001', 'M', '2005-05-28', NULL),
('uuidU046', 'nichole', 'facebook', 'FUIDC010', 'F', '1996-05-28', NULL),
('uuidU047', 'hannah', 'google', 'GUIDC001', 'F', '1996-05-28', NULL),
('uuidU048', 'cecilia', 'facebook', 'FUIDC010', 'F', '1996-05-28', NULL),
('uuidU049', 'denisse', 'google', 'GUIDC001', 'F', '1996-05-28', NULL),
('uuidU050', 'david', 'facebook', 'FUIDC010', 'M', '1997-05-28', NULL);

INSERT INTO clientLevel(clientId, physicLevelId) VALUES
('uuidU001', 'uuidPL005'),
('uuidU002', 'uuidPL004'),
('uuidU003', 'uuidPL004'),
('uuidU004', 'uuidPL004'),
('uuidU005', 'uuidPL004'),
('uuidU006', 'uuidPL004'),
('uuidU007', 'uuidPL004'),
('uuidU008', 'uuidPL004'),
('uuidU009', 'uuidPL001'),
('uuidU010', 'uuidPL003'),
('uuidU011', 'uuidPL003'),
('uuidU012', 'uuidPL005'),
('uuidU013', 'uuidPL002'),
('uuidU014', 'uuidPL002'),
('uuidU015', 'uuidPL005'),
('uuidU016', 'uuidPL001'),
('uuidU017', 'uuidPL003'),
('uuidU018', 'uuidPL005'),
('uuidU019', 'uuidPL001'),
('uuidU020', 'uuidPL002'),
('uuidU021', 'uuidPL005'),
('uuidU022', 'uuidPL004'),
('uuidU023', 'uuidPL004'),
('uuidU024', 'uuidPL004'),
('uuidU025', 'uuidPL004'),
('uuidU026', 'uuidPL004'),
('uuidU027', 'uuidPL004'),
('uuidU028', 'uuidPL004'),
('uuidU029', 'uuidPL001'),
('uuidU030', 'uuidPL003'),
('uuidU031', 'uuidPL003'),
('uuidU032', 'uuidPL005'),
('uuidU033', 'uuidPL002'),
('uuidU034', 'uuidPL002'),
('uuidU035', 'uuidPL005'),
('uuidU036', 'uuidPL001'),
('uuidU037', 'uuidPL003'),
('uuidU038', 'uuidPL005'),
('uuidU039', 'uuidPL001'),
('uuidU040', 'uuidPL002'),
('uuidU041', 'uuidPL005'),
('uuidU042', 'uuidPL004'),
('uuidU043', 'uuidPL004'),
('uuidU044', 'uuidPL004'),
('uuidU045', 'uuidPL004'),
('uuidU046', 'uuidPL004'),
('uuidU047', 'uuidPL004'),
('uuidU048', 'uuidPL004'),
('uuidU049', 'uuidPL001'),
('uuidU050', 'uuidPL003');

INSERT INTO clientGoal(clientId, goalId) VALUES
('uuidU001', 'uuidG002'),
('uuidU002', 'uuidG001'),
('uuidU003', 'uuidG001'),
('uuidU004', 'uuidG001'),
('uuidU005', 'uuidG002'),
('uuidU006', 'uuidG002'),
('uuidU007', 'uuidG002'),
('uuidU008', 'uuidG002'),
('uuidU009', 'uuidG001'),
('uuidU010', 'uuidG003'),
('uuidU011', 'uuidG002'),
('uuidU012', 'uuidG003'),
('uuidU013', 'uuidG002'),
('uuidU014', 'uuidG001'),
('uuidU015', 'uuidG002'),
('uuidU016', 'uuidG003'),
('uuidU017', 'uuidG003'),
('uuidU018', 'uuidG001'),
('uuidU019', 'uuidG002'),
('uuidU020', 'uuidG001'),
('uuidU021', 'uuidG001'),
('uuidU022', 'uuidG001'),
('uuidU023', 'uuidG002'),
('uuidU024', 'uuidG003'),
('uuidU025', 'uuidG001'),
('uuidU026', 'uuidG001'),
('uuidU027', 'uuidG003'),
('uuidU028', 'uuidG001'),
('uuidU029', 'uuidG001'),
('uuidU030', 'uuidG001'),
('uuidU031', 'uuidG003'),
('uuidU032', 'uuidG001'),
('uuidU033', 'uuidG002'),
('uuidU034', 'uuidG002'),
('uuidU035', 'uuidG002'),
('uuidU036', 'uuidG001'),
('uuidU037', 'uuidG002'),
('uuidU038', 'uuidG001'),
('uuidU039', 'uuidG001'),
('uuidU040', 'uuidG002'),
('uuidU041', 'uuidG001'),
('uuidU042', 'uuidG001'),
('uuidU043', 'uuidG001'),
('uuidU044', 'uuidG002'),
('uuidU045', 'uuidG002'),
('uuidU046', 'uuidG002'),
('uuidU047', 'uuidG002'),
('uuidU048', 'uuidG003'),
('uuidU049', 'uuidG003'),
('uuidU050', 'uuidG003');

INSERT INTO weight(id, clientId, measurement) VALUES
('uuidW001', 'uuidU001', 63.7),
('uuidW002', 'uuidU002', 63.7),
('uuidW003', 'uuidU003', 63.7),
('uuidW004', 'uuidU004', 65),
('uuidW005', 'uuidU005', 63.7),
('uuidW006', 'uuidU006', 63.7),
('uuidW007', 'uuidU007', 70),
('uuidW008', 'uuidU008', 63.7),
('uuidW009', 'uuidU009', 60.2),
('uuidW010', 'uuidU010', 63.7),
('uuidW011', 'uuidU011', 55),
('uuidW012', 'uuidU012', 63.7),
('uuidW013', 'uuidU013', 71.2),
('uuidW014', 'uuidU014', 80.2),
('uuidW015', 'uuidU015', 63.7),
('uuidW016', 'uuidU016', 63.7),
('uuidW017', 'uuidU017', 70),
('uuidW018', 'uuidU018', 63.7),
('uuidW019', 'uuidU019', 63.7),
('uuidW020', 'uuidU020', 58),
('uuidW021', 'uuidU021', 70),
('uuidW022', 'uuidU022', 71.2),
('uuidW023', 'uuidU023', 60),
('uuidW024', 'uuidU024', 70),
('uuidW025', 'uuidU025', 60),
('uuidW026', 'uuidU026', 71.2),
('uuidW027', 'uuidU027', 60),
('uuidW028', 'uuidU028', 71.2),
('uuidW029', 'uuidU029', 70),
('uuidW030', 'uuidU030', 60),
('uuidW031', 'uuidU031', 60),
('uuidW032', 'uuidU032', 70),
('uuidW033', 'uuidU033', 60),
('uuidW034', 'uuidU034', 60),
('uuidW035', 'uuidU035', 70),
('uuidW036', 'uuidU036', 60),
('uuidW037', 'uuidU037', 60),
('uuidW038', 'uuidU038', 70),
('uuidW039', 'uuidU039', 60),
('uuidW040', 'uuidU040', 71.2),
('uuidW041', 'uuidU041', 71.2),
('uuidW042', 'uuidU042', 60),
('uuidW043', 'uuidU043', 60),
('uuidW044', 'uuidU044', 70),
('uuidW045', 'uuidU045', 60),
('uuidW046', 'uuidU046', 70),
('uuidW047', 'uuidU047', 60),
('uuidW048', 'uuidU048', 80.2),
('uuidW049', 'uuidU049', 60),
('uuidW050', 'uuidU050', 80.2);


INSERT INTO height(id, clientId, measurement) VALUES
('uuidH001', 'uuidU001', 1.65),
('uuidH002', 'uuidU002', 1.74),
('uuidH003', 'uuidU003', 1.72),
('uuidH004', 'uuidU004', 1.74),
('uuidH005', 'uuidU005', 1.47),
('uuidH006', 'uuidU006', 1.78),
('uuidH007', 'uuidU007', 1.75),
('uuidH008', 'uuidU008', 1.72),
('uuidH009', 'uuidU009', 1.87),
('uuidH010', 'uuidU010', 1.82),
('uuidH011', 'uuidU011', 1.69),
('uuidH012', 'uuidU012', 1.71),
('uuidH013', 'uuidU013', 1.47),
('uuidH014', 'uuidU014', 2.0),
('uuidH015', 'uuidU015', 1.91),
('uuidH016', 'uuidU016', 1.74),
('uuidH017', 'uuidU017', 1.63),
('uuidH018', 'uuidU018', 1.57),
('uuidH019', 'uuidU019', 1.67),
('uuidH020', 'uuidU020', 1.71),
('uuidH021', 'uuidU021', 1.69),
('uuidH022', 'uuidU022', 1.70),
('uuidH023', 'uuidU023', 1.87),
('uuidH024', 'uuidU024', 1.69),
('uuidH025', 'uuidU025', 1.70),
('uuidH026', 'uuidU026', 1.69),
('uuidH027', 'uuidU027', 1.70),
('uuidH028', 'uuidU028', 1.70),
('uuidH029', 'uuidU029', 1.72),
('uuidH030', 'uuidU030', 1.70),
('uuidH031', 'uuidU031', 1.72),
('uuidH032', 'uuidU032', 1.70),
('uuidH033', 'uuidU033', 1.70),
('uuidH034', 'uuidU034', 1.70),
('uuidH035', 'uuidU035', 1.69),
('uuidH036', 'uuidU036', 1.69),
('uuidH037', 'uuidU037', 1.69),
('uuidH038', 'uuidU038', 1.72),
('uuidH039', 'uuidU039', 1.70),
('uuidH040', 'uuidU040', 1.70),
('uuidH041', 'uuidU041', 1.72),
('uuidH042', 'uuidU042', 1.70),
('uuidH043', 'uuidU043', 1.78),
('uuidH044', 'uuidU044', 1.70),
('uuidH045', 'uuidU045', 1.78),
('uuidH046', 'uuidU046', 1.70),
('uuidH047', 'uuidU047', 2.0),
('uuidH048', 'uuidU048', 1.70),
('uuidH049', 'uuidU049', 1.72),
('uuidH050', 'uuidU050', 1.78);

INSERT INTO neck(id, clientId, measurement) VALUES
('uuidN001', 'uuidU001', 41.3),
('uuidN002', 'uuidU002', 37),
('uuidN003', 'uuidU003', 35),
('uuidN004', 'uuidU004', 36),
('uuidN005', 'uuidU005', 35),
('uuidN006', 'uuidU006', 35),
('uuidN007', 'uuidU007', 33),
('uuidN008', 'uuidU008', 35),
('uuidN009', 'uuidU009', 30),
('uuidN010', 'uuidU010', 35),
('uuidN011', 'uuidU011', 35),
('uuidN012', 'uuidU012', 35),
('uuidN013', 'uuidU013', 32),
('uuidN014', 'uuidU014', 35),
('uuidN015', 'uuidU015', 33.1),
('uuidN016', 'uuidU016', 30),
('uuidN017', 'uuidU017', 30),
('uuidN018', 'uuidU018', 32),
('uuidN019', 'uuidU019', 31),
('uuidN020', 'uuidU020', 30),
('uuidN021', 'uuidU021', 30),
('uuidN022', 'uuidU022', 30),
('uuidN023', 'uuidU023', 30),
('uuidN024', 'uuidU024', 30),
('uuidN025', 'uuidU025', 30),
('uuidN026', 'uuidU026', 30),
('uuidN027', 'uuidU027', 33.1),
('uuidN028', 'uuidU028', 30),
('uuidN029', 'uuidU029', 30),
('uuidN030', 'uuidU030', 30),
('uuidN031', 'uuidU031', 30),
('uuidN032', 'uuidU032', 30),
('uuidN033', 'uuidU033', 33.1),
('uuidN034', 'uuidU034', 33.1),
('uuidN035', 'uuidU035', 30),
('uuidN036', 'uuidU036', 30),
('uuidN037', 'uuidU037', 30),
('uuidN038', 'uuidU038', 33.1),
('uuidN039', 'uuidU039', 30),
('uuidN040', 'uuidU040', 30),
('uuidN041', 'uuidU041', 39),
('uuidN042', 'uuidU042', 30),
('uuidN043', 'uuidU043', 30),
('uuidN044', 'uuidU044', 30),
('uuidN045', 'uuidU045', 30),
('uuidN046', 'uuidU046', 41.3),
('uuidN047', 'uuidU047', 41.3),
('uuidN048', 'uuidU048', 41.3),
('uuidN049', 'uuidU049', 30),
('uuidN050', 'uuidU050', 30);

INSERT INTO chest(id, clientId, measurement) VALUES
('uuidC001', 'uuidU001', 110),
('uuidC002', 'uuidU002', 100),
('uuidC003', 'uuidU003', 70),
('uuidC004', 'uuidU004', 94),
('uuidC005', 'uuidU005', 70),
('uuidC006', 'uuidU006', 70),
('uuidC007', 'uuidU007', 72),
('uuidC008', 'uuidU008', 70),
('uuidC009', 'uuidU009', 79),
('uuidC010', 'uuidU010', 79),
('uuidC011', 'uuidU011', 70),
('uuidC012', 'uuidU012', 70),
('uuidC013', 'uuidU013', 66),
('uuidC014', 'uuidU014', 70),
('uuidC015', 'uuidU015', 69),
('uuidC016', 'uuidU016', 79),
('uuidC017', 'uuidU017', 79),
('uuidC018', 'uuidU018', 66),
('uuidC019', 'uuidU019', 59),
('uuidC020', 'uuidU020', 80),
('uuidC021', 'uuidU021', 70),
('uuidC022', 'uuidU022', 70),
('uuidC023', 'uuidU023', 70),
('uuidC024', 'uuidU024', 70),
('uuidC025', 'uuidU025', 66),
('uuidC026', 'uuidU026', 70),
('uuidC027', 'uuidU027', 70),
('uuidC028', 'uuidU028', 70),
('uuidC029', 'uuidU029', 66),
('uuidC030', 'uuidU030', 70),
('uuidC031', 'uuidU031', 88),
('uuidC032', 'uuidU032', 70),
('uuidC033', 'uuidU033', 66),
('uuidC034', 'uuidU034', 70),
('uuidC035', 'uuidU035', 79),
('uuidC036', 'uuidU036', 70),
('uuidC037', 'uuidU037', 66),
('uuidC038', 'uuidU038', 88),
('uuidC039', 'uuidU039', 66),
('uuidC040', 'uuidU040', 70),
('uuidC041', 'uuidU041', 70),
('uuidC042', 'uuidU042', 66),
('uuidC043', 'uuidU043', 70),
('uuidC044', 'uuidU044', 66),
('uuidC045', 'uuidU045', 79),
('uuidC046', 'uuidU046', 79),
('uuidC047', 'uuidU047', 70),
('uuidC048', 'uuidU048', 88),
('uuidC049', 'uuidU049', 70),
('uuidC050', 'uuidU050', 88);


INSERT INTO leftArm(id, clientId, measurement) VALUES
('uuidLA001', 'uuidU001', 29),
('uuidLA002', 'uuidU002', 33.5),
('uuidLA003', 'uuidU003', 29),
('uuidLA004', 'uuidU004', 33.5),
('uuidLA005', 'uuidU005', 35),
('uuidLA006', 'uuidU006', 35),
('uuidLA007', 'uuidU007', 33),
('uuidLA008', 'uuidU008', 35),
('uuidLA009', 'uuidU009', 30),
('uuidLA010', 'uuidU010', 36),
('uuidLA011', 'uuidU011', 29),
('uuidLA012', 'uuidU012', 36),
('uuidLA013', 'uuidU013', 36),
('uuidLA014', 'uuidU014', 35),
('uuidLA015', 'uuidU015', 33.1),
('uuidLA016', 'uuidU016', 30),
('uuidLA017', 'uuidU017', 29),
('uuidLA018', 'uuidU018', 32),
('uuidLA019', 'uuidU019', 36),
('uuidLA020', 'uuidU020', 29),
('uuidLA021', 'uuidU021', 29),
('uuidLA022', 'uuidU022', 29),
('uuidLA023', 'uuidU023', 30),
('uuidLA024', 'uuidU024', 29),
('uuidLA025', 'uuidU025', 30),
('uuidLA026', 'uuidU026', 29),
('uuidLA027', 'uuidU027', 30),
('uuidLA028', 'uuidU028', 29),
('uuidLA029', 'uuidU029', 30),
('uuidLA030', 'uuidU030', 30),
('uuidLA031', 'uuidU031', 36),
('uuidLA032', 'uuidU032', 36),
('uuidLA033', 'uuidU033', 30),
('uuidLA034', 'uuidU034', 29),
('uuidLA035', 'uuidU035', 29),
('uuidLA036', 'uuidU036', 29),
('uuidLA037', 'uuidU037', 30),
('uuidLA038', 'uuidU038', 36),
('uuidLA039', 'uuidU039', 30),
('uuidLA040', 'uuidU040', 36),
('uuidLA041', 'uuidU041', 30),
('uuidLA042', 'uuidU042', 36),
('uuidLA043', 'uuidU043', 30),
('uuidLA044', 'uuidU044', 30),
('uuidLA045', 'uuidU045', 29),
('uuidLA046', 'uuidU046', 30),
('uuidLA047', 'uuidU047', 36),
('uuidLA048', 'uuidU048', 29),
('uuidLA049', 'uuidU049', 30),
('uuidLA050', 'uuidU050', 29);


INSERT INTO rightArm(id, clientId, measurement) VALUES
('uuidRA001', 'uuidU001', 27.5),
('uuidRA002', 'uuidU002', 33),
('uuidRA003', 'uuidU003', 29),
('uuidRA004', 'uuidU004', 33),
('uuidRA005', 'uuidU005', 35),
('uuidRA006', 'uuidU006', 35),
('uuidRA007', 'uuidU007', 33),
('uuidRA008', 'uuidU008', 35),
('uuidRA009', 'uuidU009', 30),
('uuidRA010', 'uuidU010', 35),
('uuidRA011', 'uuidU011', 35),
('uuidRA012', 'uuidU012', 35),
('uuidRA013', 'uuidU013', 32),
('uuidRA014', 'uuidU014', 35),
('uuidRA015', 'uuidU015', 33.1),
('uuidRA016', 'uuidU016', 30),
('uuidRA017', 'uuidU017', 30),
('uuidRA018', 'uuidU018', 32),
('uuidRA019', 'uuidU019', 31),
('uuidRA020', 'uuidU020', 27.5),
('uuidRA021', 'uuidU021', 29),
('uuidRA022', 'uuidU022', 29),
('uuidRA023', 'uuidU023', 30),
('uuidRA024', 'uuidU024', 27.5),
('uuidRA025', 'uuidU025', 27.5),
('uuidRA026', 'uuidU026', 30),
('uuidRA027', 'uuidU027', 30),
('uuidRA028', 'uuidU028', 30),
('uuidRA029', 'uuidU029', 27.5),
('uuidRA030', 'uuidU030', 27.5),
('uuidRA031', 'uuidU031', 30),
('uuidRA032', 'uuidU032', 27.5),
('uuidRA033', 'uuidU033', 27.5),
('uuidRA034', 'uuidU034', 27.5),
('uuidRA035', 'uuidU035', 27.5),
('uuidRA036', 'uuidU036', 30),
('uuidRA037', 'uuidU037', 29),
('uuidRA038', 'uuidU038', 29),
('uuidRA039', 'uuidU039', 30),
('uuidRA040', 'uuidU040', 30),
('uuidRA041', 'uuidU041', 30),
('uuidRA042', 'uuidU042', 30),
('uuidRA043', 'uuidU043', 29),
('uuidRA044', 'uuidU044', 29),
('uuidRA045', 'uuidU045', 30),
('uuidRA046', 'uuidU046', 30),
('uuidRA047', 'uuidU047', 30),
('uuidRA048', 'uuidU048', 27),
('uuidRA049', 'uuidU049', 30),
('uuidRA050', 'uuidU050', 30);

INSERT INTO leftForearm(id, clientId, measurement) VALUES
('uuidLF001', 'uuidU001', 15.4),
('uuidLF002', 'uuidU002', 23),
('uuidLF003', 'uuidU003', 22),
('uuidLF004', 'uuidU004', 26),
('uuidLF005', 'uuidU005', 22),
('uuidLF006', 'uuidU006', 22),
('uuidLF007', 'uuidU007', 33),
('uuidLF008', 'uuidU008', 22),
('uuidLF009', 'uuidU009', 30),
('uuidLF010', 'uuidU010', 22),
('uuidLF011', 'uuidU011', 20),
('uuidLF012', 'uuidU012', 23),
('uuidLF013', 'uuidU013', 32),
('uuidLF014', 'uuidU014', 22),
('uuidLF015', 'uuidU015', 15.4),
('uuidLF016', 'uuidU016', 30),
('uuidLF017', 'uuidU017', 30),
('uuidLF018', 'uuidU018', 32),
('uuidLF019', 'uuidU019', 21),
('uuidLF020', 'uuidU020', 30),
('uuidLF021', 'uuidU021', 30),
('uuidLF022', 'uuidU022', 30),
('uuidLF023', 'uuidU023', 23),
('uuidLF024', 'uuidU024', 30),
('uuidLF025', 'uuidU025', 23),
('uuidLF026', 'uuidU026', 23),
('uuidLF027', 'uuidU027', 30),
('uuidLF028', 'uuidU028', 30),
('uuidLF029', 'uuidU029', 30),
('uuidLF030', 'uuidU030', 30),
('uuidLF031', 'uuidU031', 30),
('uuidLF032', 'uuidU032', 15.4),
('uuidLF033', 'uuidU033', 15.4),
('uuidLF034', 'uuidU034', 30),
('uuidLF035', 'uuidU035', 15.4),
('uuidLF036', 'uuidU036', 30),
('uuidLF037', 'uuidU037', 15.4),
('uuidLF038', 'uuidU038', 30),
('uuidLF039', 'uuidU039', 30),
('uuidLF040', 'uuidU040', 30),
('uuidLF041', 'uuidU041', 30),
('uuidLF042', 'uuidU042', 30),
('uuidLF043', 'uuidU043', 15.4),
('uuidLF044', 'uuidU044', 30),
('uuidLF045', 'uuidU045', 30),
('uuidLF046', 'uuidU046', 23),
('uuidLF047', 'uuidU047', 30),
('uuidLF048', 'uuidU048', 23),
('uuidLF049', 'uuidU049', 23),
('uuidLF050', 'uuidU050', 30);

INSERT INTO rightForearm(id, clientId, measurement) VALUES
('uuidRF001', 'uuidU001', 15.2),
('uuidRF002', 'uuidU002', 26),
('uuidRF003', 'uuidU003', 22),
('uuidRF004', 'uuidU004', 26),
('uuidRF005', 'uuidU005', 22),
('uuidRF006', 'uuidU006', 22),
('uuidRF007', 'uuidU007', 33),
('uuidRF008', 'uuidU008', 22),
('uuidRF009', 'uuidU009', 30),
('uuidRF010', 'uuidU010', 22),
('uuidRF011', 'uuidU011', 22),
('uuidRF012', 'uuidU012', 22),
('uuidRF013', 'uuidU013', 32),
('uuidRF014', 'uuidU014', 22),
('uuidRF015', 'uuidU015', 21),
('uuidRF016', 'uuidU016', 30),
('uuidRF017', 'uuidU017', 30),
('uuidRF018', 'uuidU018', 32),
('uuidRF019', 'uuidU019', 21),
('uuidRF020', 'uuidU020', 30),
('uuidRF021', 'uuidU021', 15.2),
('uuidRF022', 'uuidU022', 30),
('uuidRF023', 'uuidU023', 30),
('uuidRF024', 'uuidU024', 30),
('uuidRF025', 'uuidU025', 22),
('uuidRF026', 'uuidU026', 30),
('uuidRF027', 'uuidU027', 15.2),
('uuidRF028', 'uuidU028', 30),
('uuidRF029', 'uuidU029', 15.2),
('uuidRF030', 'uuidU030', 30),
('uuidRF031', 'uuidU031', 15.2),
('uuidRF032', 'uuidU032', 15.20),
('uuidRF033', 'uuidU033', 30),
('uuidRF034', 'uuidU034', 30),
('uuidRF035', 'uuidU035', 30),
('uuidRF036', 'uuidU036', 30),
('uuidRF037', 'uuidU037', 30),
('uuidRF038', 'uuidU038', 22),
('uuidRF039', 'uuidU039', 22),
('uuidRF040', 'uuidU040', 30),
('uuidRF041', 'uuidU041', 22),
('uuidRF042', 'uuidU042', 30),
('uuidRF043', 'uuidU043', 30),
('uuidRF044', 'uuidU044', 22),
('uuidRF045', 'uuidU045', 30),
('uuidRF046', 'uuidU046', 22),
('uuidRF047', 'uuidU047', 30),
('uuidRF048', 'uuidU048', 22),
('uuidRF049', 'uuidU049', 30),
('uuidRF050', 'uuidU050', 30);

INSERT INTO waist(id, clientId, measurement) VALUES
('uuidWT001', 'uuidU001', 65),
('uuidWT002', 'uuidU002', 75),
('uuidWT003', 'uuidU003', 70),
('uuidWT004', 'uuidU004', 75),
('uuidWT005', 'uuidU005', 80),
('uuidWT006', 'uuidU006', 70),
('uuidWT007', 'uuidU007', 72),
('uuidWT008', 'uuidU008', 70),
('uuidWT009', 'uuidU009', 79),
('uuidWT010', 'uuidU010', 70),
('uuidWT011', 'uuidU011', 70),
('uuidWT012', 'uuidU012', 70),
('uuidWT013', 'uuidU013', 66),
('uuidWT014', 'uuidU014', 70),
('uuidWT015', 'uuidU015', 69),
('uuidWT016', 'uuidU016', 79),
('uuidWT017', 'uuidU017', 79),
('uuidWT018', 'uuidU018', 66),
('uuidWT019', 'uuidU019', 59),
('uuidWT020', 'uuidU020', 80),
('uuidWT021', 'uuidU021', 65),
('uuidWT022', 'uuidU022', 60),
('uuidWT023', 'uuidU023', 60),
('uuidWT024', 'uuidU024', 60),
('uuidWT025', 'uuidU025', 80),
('uuidWT026', 'uuidU026', 60),
('uuidWT027', 'uuidU027', 60),
('uuidWT028', 'uuidU028', 80),
('uuidWT029', 'uuidU029', 80),
('uuidWT030', 'uuidU030', 65),
('uuidWT031', 'uuidU031', 65),
('uuidWT032', 'uuidU032', 60),
('uuidWT033', 'uuidU033', 60),
('uuidWT034', 'uuidU034', 60),
('uuidWT035', 'uuidU035', 80),
('uuidWT036', 'uuidU036', 65),
('uuidWT037', 'uuidU037', 60),
('uuidWT038', 'uuidU038', 65),
('uuidWT039', 'uuidU039', 60),
('uuidWT040', 'uuidU040', 65),
('uuidWT041', 'uuidU041', 60),
('uuidWT042', 'uuidU042', 60),
('uuidWT043', 'uuidU043', 50),
('uuidWT044', 'uuidU044', 60),
('uuidWT045', 'uuidU045', 60),
('uuidWT046', 'uuidU046', 80),
('uuidWT047', 'uuidU047', 80),
('uuidWT048', 'uuidU048', 60),
('uuidWT049', 'uuidU049', 60),
('uuidWT050', 'uuidU050', 60);

INSERT INTO hip(id, clientId, measurement) VALUES
('uuidHP001', 'uuidU001', 71),
('uuidHP002', 'uuidU002', 90),
('uuidHP003', 'uuidU003', 80),
('uuidHP004', 'uuidU004', 81),
('uuidHP005', 'uuidU005', 78),
('uuidHP006', 'uuidU006', 90),
('uuidHP007', 'uuidU007', 90),
('uuidHP008', 'uuidU008', 90),
('uuidHP009', 'uuidU009', 80),
('uuidHP010', 'uuidU010', 80),
('uuidHP011', 'uuidU011', 82),
('uuidHP012', 'uuidU012', 80),
('uuidHP013', 'uuidU013', 78),
('uuidHP014', 'uuidU014', 90),
('uuidHP015', 'uuidU015', 80),
('uuidHP016', 'uuidU016', 80),
('uuidHP017', 'uuidU017', 82),
('uuidHP018', 'uuidU018', 80),
('uuidHP019', 'uuidU019', 78),
('uuidHP020', 'uuidU020', 78),
('uuidHP021', 'uuidU021', 90),
('uuidHP022', 'uuidU022', 90),
('uuidHP023', 'uuidU023', 90),
('uuidHP024', 'uuidU024', 80),
('uuidHP025', 'uuidU025', 78),
('uuidHP026', 'uuidU026', 80),
('uuidHP027', 'uuidU027', 82),
('uuidHP028', 'uuidU028', 82),
('uuidHP029', 'uuidU029', 80),
('uuidHP030', 'uuidU030', 78),
('uuidHP031', 'uuidU031', 78),
('uuidHP032', 'uuidU032', 80),
('uuidHP033', 'uuidU033', 90),
('uuidHP034', 'uuidU034', 80),
('uuidHP035', 'uuidU035', 90),
('uuidHP036', 'uuidU036', 80),
('uuidHP037', 'uuidU037', 82),
('uuidHP038', 'uuidU038', 82),
('uuidHP039', 'uuidU039', 82),
('uuidHP040', 'uuidU040', 80),
('uuidHP041', 'uuidU041', 80),
('uuidHP042', 'uuidU042', 78),
('uuidHP043', 'uuidU043', 80),
('uuidHP044', 'uuidU044', 80),
('uuidHP045', 'uuidU045', 82),
('uuidHP046', 'uuidU046', 80),
('uuidHP047', 'uuidU047', 80),
('uuidHP048', 'uuidU048', 80),
('uuidHP049', 'uuidU049', 80),
('uuidHP050', 'uuidU050', 80);

INSERT INTO leftLeg(id, clientId, measurement) VALUES
('uuidLL001', 'uuidU001', 54.7),
('uuidLL002', 'uuidU002', 54.7),
('uuidLL003', 'uuidU003', 54.7),
('uuidLL004', 'uuidU004', 54),
('uuidLL005', 'uuidU005', 54.7),
('uuidLL006', 'uuidU006', 50),
('uuidLL007', 'uuidU007', 60),
('uuidLL008', 'uuidU008', 54.7),
('uuidLL009', 'uuidU009', 54.7),
('uuidLL010', 'uuidU010', 54.7),
('uuidLL011', 'uuidU011', 54.7),
('uuidLL012', 'uuidU012', 54.7),
('uuidLL013', 'uuidU013', 60),
('uuidLL014', 'uuidU014', 50),
('uuidLL015', 'uuidU015', 54.7),
('uuidLL016', 'uuidU016', 54.7),
('uuidLL017', 'uuidU017', 54.7),
('uuidLL018', 'uuidU018', 54.7),
('uuidLL019', 'uuidU019', 54.7),
('uuidLL020', 'uuidU020', 54.7),
('uuidLL021', 'uuidU021', 60),
('uuidLL022', 'uuidU022', 60),
('uuidLL023', 'uuidU023', 60),
('uuidLL024', 'uuidU024', 54),
('uuidLL025', 'uuidU025', 54),
('uuidLL026', 'uuidU026', 54),
('uuidLL027', 'uuidU027', 54),
('uuidLL028', 'uuidU028', 50),
('uuidLL029', 'uuidU029', 50),
('uuidLL030', 'uuidU030', 54),
('uuidLL031', 'uuidU031', 60),
('uuidLL032', 'uuidU032', 54),
('uuidLL033', 'uuidU033', 54),
('uuidLL034', 'uuidU034', 54),
('uuidLL035', 'uuidU035', 54),
('uuidLL036', 'uuidU036', 60),
('uuidLL037', 'uuidU037', 54),
('uuidLL038', 'uuidU038', 54),
('uuidLL039', 'uuidU039', 54),
('uuidLL040', 'uuidU040', 60),
('uuidLL041', 'uuidU041', 50),
('uuidLL042', 'uuidU042', 60),
('uuidLL043', 'uuidU043', 54),
('uuidLL044', 'uuidU044', 60),
('uuidLL045', 'uuidU045', 54),
('uuidLL046', 'uuidU046', 54),
('uuidLL047', 'uuidU047', 50),
('uuidLL048', 'uuidU048', 50),
('uuidLL049', 'uuidU049', 54),
('uuidLL050', 'uuidU050', 54);

INSERT INTO rightLeg(id, clientId, measurement) VALUES
('uuidRL001', 'uuidU001', 54.4),
('uuidRL002', 'uuidU002', 54.4),
('uuidRL003', 'uuidU003', 54.4),
('uuidRL004', 'uuidU004', 54),
('uuidRL005', 'uuidU005', 54.4),
('uuidRL006', 'uuidU006', 54.4),
('uuidRL007', 'uuidU007', 54.4),
('uuidRL008', 'uuidU008', 55),
('uuidRL009', 'uuidU009', 54.4),
('uuidRL010', 'uuidU010', 54.4),
('uuidRL011', 'uuidU011', 54.4),
('uuidRL012', 'uuidU012', 60),
('uuidRL013', 'uuidU013', 54.4),
('uuidRL014', 'uuidU014', 54.4),
('uuidRL015', 'uuidU015', 54.4),
('uuidRL016', 'uuidU016', 5460),
('uuidRL017', 'uuidU017', 54.4),
('uuidRL018', 'uuidU018', 54),
('uuidRL019', 'uuidU019', 60),
('uuidRL020', 'uuidU020', 54.4),
('uuidRL021', 'uuidU021', 55),
('uuidRL022', 'uuidU022', 54),
('uuidRL023', 'uuidU023', 54),
('uuidRL024', 'uuidU024', 54),
('uuidRL025', 'uuidU025', 54),
('uuidRL026', 'uuidU026', 54),
('uuidRL027', 'uuidU027', 54),
('uuidRL028', 'uuidU028', 54),
('uuidRL029', 'uuidU029', 54),
('uuidRL030', 'uuidU030', 55),
('uuidRL031', 'uuidU031', 60),
('uuidRL032', 'uuidU032', 60),
('uuidRL033', 'uuidU033', 55),
('uuidRL034', 'uuidU034', 54),
('uuidRL035', 'uuidU035', 54),
('uuidRL036', 'uuidU036', 60),
('uuidRL037', 'uuidU037', 54),
('uuidRL038', 'uuidU038', 54),
('uuidRL039', 'uuidU039', 54),
('uuidRL040', 'uuidU040', 54),
('uuidRL041', 'uuidU041', 55),
('uuidRL042', 'uuidU042', 60),
('uuidRL043', 'uuidU043', 60),
('uuidRL044', 'uuidU044', 54),
('uuidRL045', 'uuidU045', 54),
('uuidRL046', 'uuidU046', 60),
('uuidRL047', 'uuidU047', 60),
('uuidRL048', 'uuidU048', 55),
('uuidRL049', 'uuidU049', 54),
('uuidRL050', 'uuidU050', 54);

INSERT INTO leftCalve(id, clientId, measurement) VALUES
('uuidLC001', 'uuidU001', 22.4),
('uuidLC002', 'uuidU002', 22.4),
('uuidLC003', 'uuidU003', 30),
('uuidLC004', 'uuidU004', 36),
('uuidLC005', 'uuidU005', 22.4),
('uuidLC006', 'uuidU006', 22.4),
('uuidLC007', 'uuidU007', 22.4),
('uuidLC008', 'uuidU008', 22.4),
('uuidLC009', 'uuidU009', 22.4),
('uuidLC010', 'uuidU010', 22.4),
('uuidLC011', 'uuidU011', 30),
('uuidLC012', 'uuidU012', 30),
('uuidLC013', 'uuidU013', 30),
('uuidLC014', 'uuidU014', 22.4),
('uuidLC015', 'uuidU015', 30),
('uuidLC016', 'uuidU016', 22.4),
('uuidLC017', 'uuidU017', 22.4),
('uuidLC018', 'uuidU018', 22.4),
('uuidLC019', 'uuidU019', 22.4),
('uuidLC020', 'uuidU020', 22.4),
('uuidLC021', 'uuidU021', 22),
('uuidLC022', 'uuidU022', 22),
('uuidLC023', 'uuidU023', 22),
('uuidLC024', 'uuidU024', 22),
('uuidLC025', 'uuidU025', 22),
('uuidLC026', 'uuidU026', 22),
('uuidLC027', 'uuidU027', 22),
('uuidLC028', 'uuidU028', 22.4),
('uuidLC029', 'uuidU029', 22),
('uuidLC030', 'uuidU030', 22),
('uuidLC031', 'uuidU031', 22),
('uuidLC032', 'uuidU032', 22),
('uuidLC033', 'uuidU033', 30),
('uuidLC034', 'uuidU034', 22),
('uuidLC035', 'uuidU035', 30),
('uuidLC036', 'uuidU036', 30),
('uuidLC037', 'uuidU037', 22),
('uuidLC038', 'uuidU038', 22),
('uuidLC039', 'uuidU039', 22),
('uuidLC040', 'uuidU040', 22.4),
('uuidLC041', 'uuidU041', 22.4),
('uuidLC042', 'uuidU042', 22.4),
('uuidLC043', 'uuidU043', 22),
('uuidLC044', 'uuidU044', 22),
('uuidLC045', 'uuidU045', 22),
('uuidLC046', 'uuidU046', 22),
('uuidLC047', 'uuidU047', 22.4),
('uuidLC048', 'uuidU048', 22.4),
('uuidLC049', 'uuidU049', 22),
('uuidLC050', 'uuidU050', 22);

INSERT INTO rightCalve(id, clientId, measurement) VALUES
('uuidRC001', 'uuidU001', 22.2),
('uuidRC002', 'uuidU002', 22.2),
('uuidRC003', 'uuidU003', 30),
('uuidRC004', 'uuidU004', 36),
('uuidRC005', 'uuidU005', 34.8),
('uuidRC006', 'uuidU006', 22.2),
('uuidRC007', 'uuidU007', 22.2),
('uuidRC008', 'uuidU008', 22.2),
('uuidRC009', 'uuidU009', 22.2),
('uuidRC010', 'uuidU010', 22.2),
('uuidRC011', 'uuidU011', 22.2),
('uuidRC012', 'uuidU012', 22.2),
('uuidRC013', 'uuidU013', 22.2),
('uuidRC014', 'uuidU014', 22.2),
('uuidRC015', 'uuidU015', 22.2),
('uuidRC016', 'uuidU016', 22.2),
('uuidRC017', 'uuidU017', 22.2),
('uuidRC018', 'uuidU018', 22.2),
('uuidRC019', 'uuidU019', 22.2),
('uuidRC020', 'uuidU020', 22.2),
('uuidRC021', 'uuidU021', 34.8),
('uuidRC022', 'uuidU022', 30),
('uuidRC023', 'uuidU023', 22),
('uuidRC024', 'uuidU024', 22),
('uuidRC025', 'uuidU025', 22),
('uuidRC026', 'uuidU026', 22),
('uuidRC027', 'uuidU027', 22),
('uuidRC028', 'uuidU028', 30),
('uuidRC029', 'uuidU029', 30),
('uuidRC030', 'uuidU030', 22),
('uuidRC031', 'uuidU031', 22),
('uuidRC032', 'uuidU032', 22),
('uuidRC033', 'uuidU033', 30),
('uuidRC034', 'uuidU034', 22),
('uuidRC035', 'uuidU035', 30),
('uuidRC036', 'uuidU036', 34.8),
('uuidRC037', 'uuidU037', 22),
('uuidRC038', 'uuidU038', 34.8),
('uuidRC039', 'uuidU039', 22),
('uuidRC040', 'uuidU040', 34.8),
('uuidRC041', 'uuidU041', 34.8),
('uuidRC042', 'uuidU042', 22),
('uuidRC043', 'uuidU043', 22),
('uuidRC044', 'uuidU044', 22),
('uuidRC045', 'uuidU045', 22),
('uuidRC046', 'uuidU046', 30),
('uuidRC047', 'uuidU047', 30),
('uuidRC048', 'uuidU048', 34.8),
('uuidRC049', 'uuidU049', 22),
('uuidRC050', 'uuidU050', 22);

INSERT INTO journalEntry(id, aDate, title, content, clientId) VALUES
('uuidJE001', '2023-03-30', 'Día de espalda', 'Hoy logré hacer mi primera dominada y me sentí muy fuerte', 'uuidU003'),
('uuidJE002', '2023-03-30', 'Dia de espalda', 'Logre hacer 8 muscle ups seguidos', 'uuidU004'),
('uuidJE003', '2023-03-30', 'Día de pecho', 'Por fin los 10kg en press de banca', 'uuidU009'),
('uuidJE004', '2023-03-30', 'Día de pierna', '+5kg en sentadilla', 'uuidU016'),
('uuidJE005', '2023-03-30', 'Día de hombro', 'Tuve una ligera molestia en el hombro después de hacer press militar parado', 'uuidU011'),
('uuidJE006', '2023-03-30', 'Día de brazo', 'Me encanta el press francés, lo incorporaré más a mis rutinas', 'uuidU018'),
('uuidJE007', '2023-03-30', 'Full body', 'Me siento algo débil, tal vez debería comer un poco antes de ir al gym', 'uuidU014'),
('uuidJE008', '2023-03-30', 'Día de abdomen', 'Me quema el abdomeeen, excelente rutina', 'uuidU015'),
('uuidJE009', '2023-03-30', 'Día de descanso', 'Estoy llena de energía, el ejercicio me está ayudando muchísimo', 'uuidU014'),
('uuidJE010', '2023-03-30', 'Día de pierna', 'Para hip thrust: llevar tenis que no se resbalen', 'uuidU017'),
('uuidJE011', '2023-03-30', 'Día de brazo', 'Hoy logré hacer mi primera dominada y me sentí muy fuerte', 'uuidU027'),
('uuidJE012', '2023-03-30', 'Día de pecho', 'Logre hacer 8 muscle ups seguidos', 'uuidU017'),
('uuidJE013', '2023-03-30', 'Día de espalda', 'Por fin los 10kg en press de banca', 'uuidU017'),
('uuidJE014', '2023-03-30', 'Full body', '+5kg en sentadilla', 'uuidU017'),
('uuidJE015', '2023-03-30', 'Día de brazo', 'Tuve una ligera molestia en el hombro después de hacer press militar parado', 'uuidU017'),
('uuidJE016', '2023-03-30', 'Día de pierna', 'Me encanta el press francés, lo incorporaré más a mis rutinas', 'uuidU019'),
('uuidJE017', '2023-03-30', 'Día de pierna', 'Siento algo débil, tal vez debería comer un poco antes de ir al gym', 'uuidU047'),
('uuidJE018', '2023-03-30', 'Día de abdomen', 'Me quema el abdomeeen, excelente rutina', 'uuidU017'),
('uuidJE019', '2023-03-30', 'Día de pecho', 'Estoy llena de energía, el ejercicio me está ayudando muchísimo', 'uuidU027'),
('uuidJE020', '2023-03-30', 'Día de espalda', 'Hoy logré hacer mi primera dominada y me sentí muy fuerte', 'uuidU037'),
('uuidJE021', '2023-03-30', 'Día de brazo', 'Logre hacer 8 muscle ups seguidos', 'uuidU012'),
('uuidJE022', '2023-03-30', 'Día de pierna', 'Por fin los 10kg en press de banca', 'uuidU014'),
('uuidJE023', '2023-03-30', 'Día de abdomen', '+5kg en sentadilla', 'uuidU017'),
('uuidJE024', '2023-03-30', 'Día de hombro', 'Tuve una ligera molestia en el hombro después de hacer press militar parado', 'uuidU011'),
('uuidJE025', '2023-03-30', 'Día de brazo', 'Me encanta el press francés, lo incorporaré más a mis rutinas', 'uuidU004'),
('uuidJE026', '2023-03-30', 'Día de hombro', 'Siento algo débil, tal vez debería comer un poco antes de ir al gym', 'uuidU043'),
('uuidJE027', '2023-03-30', 'Día de abdomen', 'Me quema el abdomeeen, excelente rutina', 'uuidU017'),
('uuidJE028', '2023-03-30', 'Día de descanso', 'Estoy llena de energía, el ejercicio me está ayudando muchísimo', 'uuidU012'),
('uuidJE029', '2023-03-30', 'Día de brazo', 'Para hip thrust: llevar tenis que no se resbalen', 'uuidU012'),
('uuidJE030', '2023-03-30', 'Día de pecho', 'Para hip thrust: llevar tenis que no se resbalen', 'uuidU015'),
('uuidJE031', '2023-03-30', 'Día de espalda', 'Para hip thrust: llevar tenis que no se resbalen', 'uuidU013'),
('uuidJE032', '2023-03-30', 'Full body', 'Hoy logré hacer mi primera dominada y me sentí muy fuerte', 'uuidU019'),
('uuidJE033', '2023-03-30', 'Día de brazo', 'Logre hacer 8 muscle ups seguidos', 'uuidU023'),
('uuidJE034', '2023-03-30', 'Día de pierna', 'Por fin los 10kg en press de banca', 'uuidU045'),
('uuidJE035', '2023-03-30', 'Día de pierna', '+5kg en sentadilla', 'uuidU017'),
('uuidJE036', '2023-03-30', 'Día de abdomen', 'Tuve una ligera molestia en el hombro después de hacer press militar parado', 'uuidU015'),
('uuidJE037', '2023-03-30', 'Día de pecho', 'Me encanta el press francés, lo incorporaré más a mis rutinas', 'uuidU017'),
('uuidJE038', '2023-03-30', 'Día de espalda', 'Siento algo débil, tal vez debería comer un poco antes de ir al gym', 'uuidU018'),
('uuidJE039', '2023-03-30', 'Día de brazo', 'Me quema el abdomeeen, excelente rutina', 'uuidU019'),
('uuidJE041', '2023-03-30', 'Día de pierna', 'Estoy llena de energía, el ejercicio me está ayudando muchísimo', 'uuidU011'),
('uuidJE042', '2023-03-30', 'Día de abdomen', 'Hoy logré hacer mi primera dominada y me sentí muy fuerte', 'uuidU012'),
('uuidJE043', '2023-03-30', 'Día de hombro', 'Logre hacer 8 muscle ups seguidos', 'uuidU027'),
('uuidJE044', '2023-03-30', 'Día de brazo', 'Por fin los 10kg en press de banca', 'uuidU024'),
('uuidJE045', '2023-03-30', 'Día de hombro', 'Siento algo débil, tal vez debería comer un poco antes de ir al gym', 'uuidU034'),
('uuidJE046', '2023-03-30', 'Día de abdomen', '+5kg en sentadilla', 'uuidU035'),
('uuidJE047', '2023-03-30', 'Día de descanso', 'Por fin los 10kg en press de banca', 'uuidU036'),
('uuidJE048', '2023-03-30', 'Día de pierna', 'Hoy logré hacer mi primera dominada y me sentí muy fuerte', 'uuidU037'),
('uuidJE049', '2023-03-30', 'Día de brazo', 'Me quema el abdomeeen, excelente rutina', 'uuidU038'),
('uuidJE050', '2023-03-30', 'Día de pierna', 'Tuve una ligera molestia en el hombro después de hacer press militar parado', 'uuidU040');

INSERT INTO clientRol(clientId, rolId) VALUES
('uuidU001', 'uuidR01'),
('uuidU002', 'uuidR01'),
('uuidU003', 'uuidR02'),
('uuidU004', 'uuidR02'),
('uuidU005', 'uuidR02'),
('uuidU006', 'uuidR02'),
('uuidU007', 'uuidR02'),
('uuidU008', 'uuidR02'),
('uuidU009', 'uuidR02'),
('uuidU010', 'uuidR02'),
('uuidU011', 'uuidR02'),
('uuidU012', 'uuidR02'),
('uuidU013', 'uuidR02'),
('uuidU014', 'uuidR02'),
('uuidU015', 'uuidR02'),
('uuidU016', 'uuidR02'),
('uuidU017', 'uuidR02'),
('uuidU018', 'uuidR02'),
('uuidU019', 'uuidR02'),
('uuidU020', 'uuidR02'),
('uuidU021', 'uuidR02'),
('uuidU022', 'uuidR02'),
('uuidU023', 'uuidR02'),
('uuidU024', 'uuidR02'),
('uuidU025', 'uuidR02'),
('uuidU026', 'uuidR02'),
('uuidU027', 'uuidR02'),
('uuidU028', 'uuidR02'),
('uuidU029', 'uuidR02'),
('uuidU030', 'uuidR02'),
('uuidU031', 'uuidR02'),
('uuidU032', 'uuidR02'),
('uuidU033', 'uuidR02'),
('uuidU034', 'uuidR02'),
('uuidU035', 'uuidR02'),
('uuidU036', 'uuidR02'),
('uuidU037', 'uuidR02'),
('uuidU038', 'uuidR02'),
('uuidU039', 'uuidR02'),
('uuidU040', 'uuidR02'),
('uuidU041', 'uuidR02'),
('uuidU042', 'uuidR02'),
('uuidU043', 'uuidR02'),
('uuidU044', 'uuidR02'),
('uuidU045', 'uuidR02'),
('uuidU046', 'uuidR02'),
('uuidU047', 'uuidR02'),
('uuidU048', 'uuidR02'),
('uuidU049', 'uuidR02'),
('uuidU050', 'uuidR02');

INSERT INTO workout(id, name, description, frequency, workoutLevelId, typeId) VALUES
('uuidWK001', '5-3-1 Jim Wendler', 'Un entrenamiento para ganar fuerza y masa muscular', 3, 'uuidWL02', 'uuidWT003'),
('uuidWK002', 'PPL', 'Push (Pecho|Hombros|Tricep), Pull(Espalda|Bicep), Legs(Piernas)', 1, 'uuidWL03', 'uuidWT002'),
('uuidWK003', '5x5', 'Un entrenamiento para ganar fuerza', 3, 'uuidWL02', 'uuidWT001'),
('uuidWK004', 'Prueba fisica', '300 sentadillas, 200 lagartijas, 100 pull-ups', 1, 'uuidWL02', 'uuidWT003'),
('uuidWK005', 'Tabata', 'Entrenamiento para ganar condicion fisica', 5, 'uuidWL03', 'uuidWT003'),
('uuidWK006', 'HIIT', 'Entrenamiento de intervalos de alta intensidad', 5, 'uuidWL03', 'uuidWT003'),
('uuidWK007', 'Full body', 'Un entrenamiento enfocado a todo el cuerpo', 3, 'uuidWL02', 'uuidWT001'),
('uuidWK008', 'GAP', 'Entrenamiento de Glúteos, piernas y abdomen', 3, 'uuidWL01', 'uuidWT003'),
('uuidWK009', 'Aeróbicos', 'Entrenamiento aeróbico', 3, 'uuidWL01', 'uuidWT003'),
('uuidWK010', 'Entrenamiento funcional', 'Entrenamiento enfocado en el movimiento natural del cuerpo', 3, 'uuidWL02', 'uuidWT003');

INSERT INTO workoutImage(id, idWorkout, imageId) VALUES
('uuidWI001', 'uuidWK001', 'uuidI008'),
('uuidWI002', 'uuidWK002', 'uuidI009'),
('uuidWI003', 'uuidWK003', 'uuidI010'),
('uuidWI004', 'uuidWK004', 'uuidI017'),
('uuidWI005', 'uuidWK005', 'uuidI017'),
('uuidWI006', 'uuidWK006', 'uuidI017'),
('uuidWI007', 'uuidWK007', 'uuidI017'),
('uuidWI008', 'uuidWK008', 'uuidI017'),
('uuidWI009', 'uuidWK009', 'uuidI017'),
('uuidWI010', 'uuidWK010', 'uuidI017');

INSERT INTO clientWorkout(clientId, workoutId) VALUES
('uuidU003', 'uuidWK001'),
('uuidU004', 'uuidWK002'),
('uuidU009', 'uuidWK002'),
('uuidU010', 'uuidWK003'),
('uuidU011', 'uuidWK002'),
('uuidU012', 'uuidWK001'),
('uuidU013', 'uuidWK002'),
('uuidU014', 'uuidWK003'),
('uuidU015', 'uuidWK003'),
('uuidU016', 'uuidWK001'),
('uuidU017', 'uuidWK001'),
('uuidU018', 'uuidWK002'),
('uuidU019', 'uuidWK003'),
('uuidU020', 'uuidWK003');

INSERT INTO excercise(id, name, description, imageId) VALUES
('uuidE001', 'Sentadilla', 'Músculos implicados: cuádriceps, glúteo mayor, isquiotibiales y aductores', 'uuidI004'),
('uuidE002', 'Press banca', 'Músculos implicados: pecho (sobre todo el pectoral mayor)', 'uuidI005'),
('uuidE003', 'Peso muerto', 'Zonas del cuerpo que se trabajan: isquiotibiales, cuádriceps, glúteos, músculos de la espalda y del hombro', 'uuidI006'),
('uuidE004', 'Press militar', 'Los músculos más implicados en el press militar con mancuernas son el deltoides anterior, la porción medial y los tríceps', 'uuidI007'),
('uuidE006', 'Press francés', 'Desarrolla los tríceps y al mismo tiempo el bíceps', 'uuidI012'),
('uuidE007', 'Dominadas estrictas', 'Algunos de los músculos que se trabajan son: dorsal mayor, dorsal, trapecio, romboides, pectoral mayor y menor, deltoides, infraespinoso, bíceps, bíceps braquial, oblicuo externo, tríceps y pectoral, entre otros', 'uuidI013'),
('uuidE008', 'Remo al pecho en máquina', 'Musculatura cervical: trapecio. Músculos del hombro: deltoides. Espalda superior: dorsal ancho y romboides mayor. Musculatura del brazo superior: bíceps', 'uuidI014'),
('uuidE009', 'Prensa', 'Músculos trabajados: cuádriceps, glúteos, isquiotibiales y pantorrillas', 'uuidI015'),
('uuidE010', 'Elevaciones de pierna en barra', 'Se trabajan de los abdominales el recto mayor del abdomen y los oblicuos', 'uuidI016');

INSERT INTO tag(workoutId, exerciseId) VALUES
('uuidWK001', 'uuidE001'),
('uuidWK001', 'uuidE002'),
('uuidWK001', 'uuidE003'),
('uuidWK001', 'uuidE004'),
('uuidWK002', 'uuidE004'),
('uuidWK002', 'uuidE006'),
('uuidWK002', 'uuidE007'),
('uuidWK002', 'uuidE008'),
('uuidWK002', 'uuidE001'),
('uuidWK002', 'uuidE009'),
('uuidWK003', 'uuidE001'),
('uuidWK003', 'uuidE002'),
('uuidWK003', 'uuidE003'),
('uuidWK004', 'uuidE007'),
('uuidWK004', 'uuidE001'),
('uuidWK004', 'uuidE010');
